hashtag,minute_start,count
#PSSdâ€¦,2014-09-10 11:10:00+0100,1
#TheBachelorAU,2014-09-10 11:10:00+0100,1
#followcircle,2014-09-10 11:10:00+0100,1
#Ğ³Ñ€Ğ°Ñ„Ñ„Ğ¸Ñ‚Ğ¸,2014-09-10 11:10:00+0100,1
#twoff,2014-09-10 11:10:00+0100,1
#NominateLittleMix,2014-09-10 11:10:00+0100,1
#JihadiChaosInKashmir,2014-09-10 11:10:00+0100,1
#airporthug,2014-09-10 11:10:00+0100,1
#Ø¨Ù†Ù‡Ø§,2014-09-10 11:10:00+0100,1
#Angelus,2014-09-10 11:10:00+0100,1
#possibility,2014-09-10 11:10:00+0100,1
#KSA,2014-09-10 11:10:00+0100,3
#Ø³ÙƒØ³,2014-09-10 11:10:00+0100,1
"#DrBenCarson2016\nhttp://t.co/oDfjUCBdFW\nhttp://t.co/C5UxjC1N6T",2014-09-10 11:10:00+0100,1
"#0710\nìˆ˜ë¯¼ì‹œ",2014-09-10 11:10:00+0100,1
#ãƒ€ã‚¤ã‚¨ãƒƒãƒˆ,2014-09-10 11:10:00+0100,1
"#MGWV\n\nğŸ”¥âğŸ”¥",2014-09-10 11:10:00+0100,1
#UnaSecaPorElLoco,2014-09-10 11:10:00+0100,1
#Irish,2014-09-10 11:10:00+0100,1
#SobatIndonesia,2014-09-10 11:10:00+0100,1
"#MMWorld,",2014-09-10 11:10:00+0100,1
#Movies,2014-09-10 11:10:00+0100,1
#diggRT,2014-09-10 11:10:00+0100,1
"#porn,#sex,#xxx,#naked,#nude,#teen,:",2014-09-10 11:10:00+0100,1
#Mobile,2014-09-10 11:10:00+0100,1
#ä»£å®˜å±±ã‚¯ãƒªã‚¢ãƒ¼ã‚º,2014-09-10 11:10:00+0100,1
#Kindle,2014-09-10 11:10:00+0100,1
"#ØºØ±Ø¯_Ø¨Ø§Ù„Ø®ÙŠØ±\n",2014-09-10 11:10:00+0100,2
#comp,2014-09-10 11:10:00+0100,1
#london,2014-09-10 11:10:00+0100,1
#SmartJaDineDay\",2014-09-10 11:10:00+0100,1
#bikefestival,2014-09-10 11:10:00+0100,1
#Hurricane,2014-09-10 11:10:00+0100,1
#MNHIntegration,2014-09-10 11:10:00+0100,1
#getaroomboys,2014-09-10 11:10:00+0100,1
#TeamJunckerEU:,2014-09-10 11:10:00+0100,2
#ArabIdolâœ”â,2014-09-10 11:10:00+0100,3
#Ø³ÙƒØ³_Ø¹Ø±Ø¨ÙŠ,2014-09-10 11:10:00+0100,1
#telemarketing,2014-09-10 11:10:00+0100,1
#Deventer,2014-09-10 11:10:00+0100,1
#PJNET,2014-09-10 11:10:00+0100,1
#Ø§Ø³ØªØ´Ù‡Ø§Ø¯_Ù‚Ø§Ø¯Ø©_Ø£Ø­â€¦,2014-09-10 11:10:00+0100,1
#SCP,2014-09-10 11:10:00+0100,1
"#tuitpareja!\n\nhttp://t.co/Jf7OyQBewo",2014-09-10 11:10:00+0100,2
#Adeslas,2014-09-10 11:10:00+0100,1
#boobs,2014-09-10 11:10:00+0100,1
#Cose,2014-09-10 11:10:00+0100,1
#ViolettaLive2015,2014-09-10 11:10:00+0100,1
#71091,2014-09-10 11:10:00+0100,1
#ff_ru,2014-09-10 11:10:00+0100,2
#Ù…ØµÙ…Ù…Ø©_Ø¯ÙŠÙƒÙˆØ±Ø§Øª,2014-09-10 11:10:00+0100,1
#CL,2014-09-10 11:10:00+0100,1
#porn,2014-09-10 11:10:00+0100,2
#í‹°ì•„ë¼#ìŠˆê°€í”„ë¦¬#SUGARFREE,2014-09-10 11:10:00+0100,1
#Ù„Ø°ÙƒØ±,2014-09-10 11:10:00+0100,1
#bypokevega,2014-09-10 11:10:00+0100,1
#DATING,2014-09-10 11:10:00+0100,1
#Ecstasy,2014-09-10 11:10:00+0100,1
#nowplaying,2014-09-10 11:10:00+0100,1
"#å²é˜œçœŒ\n#ã‚¢ãƒ«ãƒã‚¤ãƒˆã€€#ãƒ‘ãƒ¼ãƒˆã€€#ä»•äº‹æ¢ã—",2014-09-10 11:10:00+0100,1
#ì›í•˜ëŠ”_ë¬¸êµ¬ë¥¼_ë§í•´ì¤˜ìš”_ì„±ì˜ê»_ì¨ë“œë¦½ë‹ˆë‹¤,2014-09-10 11:10:00+0100,1
#Ø§Ù„Ø³Ø¹ÙˆØ¯ÙŠØ©,2014-09-10 11:10:00+0100,6
#sm24420597,2014-09-10 11:10:00+0100,1
#1,2014-09-10 11:10:00+0100,1
#MassFollowTrainâœ°,2014-09-10 11:10:00+0100,1
#competition,2014-09-10 11:10:00+0100,1
#3,2014-09-10 11:10:00+0100,1
#BD,2014-09-10 11:10:00+0100,1
#Ø¨Ø±ÙŠØ¯Ø©,2014-09-10 11:10:00+0100,1
#selfie,2014-09-10 11:10:00+0100,1
#Ğ¸ÑĞºÑƒÑÑÑ‚Ğ²Ğ¾,2014-09-10 11:10:00+0100,1
#ØºØ±Ø¯_Ø¨Ø§Ù„Ø®ÙŠØ±,2014-09-10 11:10:00+0100,2
#RETWEET,2014-09-10 11:10:00+0100,1
#PSSday,2014-09-10 11:10:00+0100,1
#ero,2014-09-10 11:10:00+0100,1
#DeuBrancoâ€¦,2014-09-10 11:10:00+0100,1
"#ÙÙ†Ø§Ù†_ØªØªÙ…Ù†Ù‰_ØªÙˆØ¨ØªÙ‡\n\nØ®Ø§Ù„Ø¯",2014-09-10 11:10:00+0100,1
#ParentsIndoKuis,2014-09-10 11:10:00+0100,1
#Licking,2014-09-10 11:10:00+0100,1
#haken,2014-09-10 11:10:00+0100,1
#FF,2014-09-10 11:10:00+0100,1
#æ´¾é£,2014-09-10 11:10:00+0100,1
#Literalmente,2014-09-10 11:10:00+0100,1
#ØµÙˆØ±Ù‡,2014-09-10 11:10:00+0100,1
#SEO,2014-09-10 11:10:00+0100,1
#Ğ´Ğ¾Ğ¼Ğ°,2014-09-10 11:10:00+0100,1
#anal,2014-09-10 11:10:00+0100,1
#News,2014-09-10 11:10:00+0100,1
#BJPExposed,2014-09-10 11:10:00+0100,1
#tourism,2014-09-10 11:10:00+0100,1
"#Ø±Ø§ÙŠÙ_Ø§Ù„Ø¹ØªÙŠØ¨ÙŠ_Ø§Ù„Ù…Ø¨ØªØ¹Ø«ÙŠÙ†_Ø§Ù…Ø§Ù†Ù‡\n\nÙ…Ø§Ø§Ø´Ø§Ø¡",2014-09-10 11:10:00+0100,1
#Ğ¡ĞºĞ°Ñ‡Ğ°Ñ‚ÑŒ,2014-09-10 11:10:00+0100,1
#xxx,2014-09-10 11:10:00+0100,1
#ebook,2014-09-10 11:10:00+0100,1
#saudi,2014-09-10 11:10:00+0100,1
#æ±äº¬,2014-09-10 11:10:00+0100,1
#studentlife,2014-09-10 11:10:00+0100,1
#Egypt,2014-09-10 11:10:00+0100,2
#Apple,2014-09-10 11:10:00+0100,3
#Ø¯Ø¹Ø§Ø±Ø©,2014-09-10 11:10:00+0100,1
#ãƒ–ãƒ©ãƒƒã‚¯ãƒ–ãƒ¬ãƒƒãƒˆ,2014-09-10 11:10:00+0100,1
"#MGWV\n\nğŸŒŸâ˜…ğŸŒŸ#FOLLOW",2014-09-10 11:10:00+0100,1
#NP,2014-09-10 11:10:00+0100,1
#ãƒˆãƒç¾,2014-09-10 11:10:00+0100,1
#Hairwear,2014-09-10 11:10:00+0100,1
#FOLLOWBACK,2014-09-10 11:10:00+0100,1
#cute,2014-09-10 11:10:00+0100,1
#Ø§Ù„Ù„Ù‡_Ø£ÙƒØ¨Ø±,2014-09-10 11:10:00+0100,1
#Pussy,2014-09-10 11:10:00+0100,1
#MAMACITA,2014-09-10 11:10:00+0100,3
"#Ø±Ø§ÙŠÙ_Ø§Ù„Ø¹ØªÙŠØ¨ÙŠ_Ø§Ù„Ù…Ø¨ØªØ¹Ø«ÙŠÙ†_Ø§Ù…Ø§Ù†Ù‡\n\nØ§Ø´Ù‡Ø¯",2014-09-10 11:10:00+0100,8
#masturbation,2014-09-10 11:10:00+0100,1
#washitapes,2014-09-10 11:10:00+0100,1
#ÙÙ†Ø¯Ù‚,2014-09-10 11:10:00+0100,1
#Ù…Ø­Ù„ÙŠØ§Øª,2014-09-10 11:10:00+0100,1
#astrology,2014-09-10 11:10:00+0100,1
#Sperm,2014-09-10 11:10:00+0100,1
#iPhone6,2014-09-10 11:10:00+0100,1
#Ø§Ù„Ø£Ø±Ø¯Ù†,2014-09-10 11:10:00+0100,1
#Ø°ÙƒØ±_Ø§Ù„Ù„Ù‡,2014-09-10 11:10:00+0100,1
#countryside,2014-09-10 11:10:00+0100,1
#ILoveYouNialler!,2014-09-10 11:10:00+0100,1
#Ø³Ø¬Ø§Ø¯,2014-09-10 11:10:00+0100,1
#freestuff,2014-09-10 11:10:00+0100,1
#ArmyRescueâ€¦,2014-09-10 11:10:00+0100,1
#bestofetsy,2014-09-10 11:10:00+0100,1
#milf,2014-09-10 11:10:00+0100,1
#sea,2014-09-10 11:10:00+0100,1
#MadAboutAds,2014-09-10 11:10:00+0100,1
#82,2014-09-10 11:10:00+0100,1
"#FOLLOWTRICK\n\nğŸ”¥â‹ğŸ”¥",2014-09-10 11:10:00+0100,1
#customerexperience,2014-09-10 11:10:00+0100,1
"#Ø¹Ø±Ø¨_Ù‡ÙˆØ³Øª\n#Ø§Ø¯Ø¹Ù…_Ø­Ø³Ø§Ø¨Ùƒ_Ù…Ø¹Ù†Ø§_Ø¨Ø®Ø¯Ù…Ø©_Ø±ØªÙˆÙŠØª_Ù…Ù†_Ø¹Ø±Ø¨_Ù‡ÙˆØ³Øª_ÙˆÙ†Ø´Ø±Ù‡_ÙÙŠ_ØªÙˆÙŠØªØ±",2014-09-10 11:10:00+0100,1
"#Ø®ÙŠØ±\n",2014-09-10 11:10:00+0100,1
#septiembre:,2014-09-10 11:10:00+0100,1
#gameinsightBR,2014-09-10 11:10:00+0100,1
#hark,2014-09-10 11:10:00+0100,1
#Vitens,2014-09-10 11:10:00+0100,1
#FireBoehner,2014-09-10 11:10:00+0100,1
#ÑÑ‚Ñ€Ğ¸Ñ‚_Ğ°Ñ€Ñ‚,2014-09-10 11:10:00+0100,1
#æ¸‹è°·åŒº,2014-09-10 11:10:00+0100,1
#SUPERJUNIOR,2014-09-10 11:10:00+0100,3
"#Karachi\nMufti",2014-09-10 11:10:00+0100,1
#Follow,2014-09-10 11:10:00+0100,1
#slowking,2014-09-10 11:10:00+0100,1
#Blowjob,2014-09-10 11:10:00+0100,1
#casino,2014-09-10 11:10:00+0100,3
#Ø§Ù„Ø³ÙŠØ³Ù‰,2014-09-10 11:10:00+0100,1
#Ø£Ù…ÙŠÙ†,2014-09-10 11:10:00+0100,1
#Ø£Ø°ÙƒØ±_Ø§Ù„Ù„Ù‡,2014-09-10 11:10:00+0100,1
#ØªØ·Ø¨ÙŠÙ‚_Ù‚Ø±Ø¢Ù†Ù‰,2014-09-10 11:10:00+0100,6
#bacon,2014-09-10 11:10:00+0100,1
#TeamFollowBack,2014-09-10 11:10:00+0100,1
#Sagitarius,2014-09-10 11:10:00+0100,1
#Ø£Ø³Ù‡Ù…,2014-09-10 11:10:00+0100,1
#Temuco,2014-09-10 11:10:00+0100,1
#Ø§Ø¨Ù‡Ø§,2014-09-10 11:10:00+0100,1
#Sex,2014-09-10 11:10:00+0100,1
#SUGARFREE,2014-09-10 11:10:00+0100,1
#ÙÙ„Ù…_Ø³ÙƒØ³,2014-09-10 11:10:00+0100,3
#ÙƒÙ„Ù…Ø©_Ø¯Ø§ÙŠÙ…Ø§_ÙŠÙ‚ÙˆÙ„ÙˆÙ†Ù‡Ø§_Ù„Ùƒ,2014-09-10 11:10:00+0100,1
#parkslope,2014-09-10 11:10:00+0100,1
#æ±‚äºº,2014-09-10 11:10:00+0100,1
#æ¸‹è°·,2014-09-10 11:10:00+0100,1
#jobs,2014-09-10 11:10:00+0100,1
#DIY,2014-09-10 11:10:00+0100,2
#keepthelove,2014-09-10 11:10:00+0100,1
#ÙƒÙ„Ù…Ù‡_Ø·Ø§Ù„Ø¹Ù‡_Ù…Ù†_Ù‚Ù„Ø¨Ùƒ@almatjrâœ”â,2014-09-10 11:10:00+0100,3
#integral,2014-09-10 11:10:00+0100,1
#ksa,2014-09-10 11:10:00+0100,1
#WorldSuicidePreventionDay,2014-09-10 11:10:00+0100,1
#p3bot,2014-09-10 11:10:00+0100,1
#gay,2014-09-10 11:10:00+0100,2
#ãŠå°å ´,2014-09-10 11:10:00+0100,1
#nsfw,2014-09-10 11:10:00+0100,1
#NKWA,2014-09-10 11:10:00+0100,1
#Ø§Ø³ÙŠØ§,2014-09-10 11:10:00+0100,1
#Baltimore,2014-09-10 11:10:00+0100,1
#unfalert,2014-09-10 11:10:00+0100,1
#1),2014-09-10 11:10:00+0100,1
#Website,2014-09-10 11:10:00+0100,1
#ãŠã•ã‚€ã‚‰ã„ã•ã‚“,2014-09-10 11:10:00+0100,1
#NewsUpdates,2014-09-10 11:10:00+0100,2
#photo,2014-09-10 11:10:00+0100,1
#trends,2014-09-10 11:10:00+0100,1
#681team,2014-09-10 11:10:00+0100,2
#Gostei,2014-09-10 11:10:00+0100,1
#Ñ‚Ñ€ĞµÑˆ,2014-09-10 11:10:00+0100,1
#Ø§Ù„Ù…Ø¯ÙŠÙ†Ø©,2014-09-10 11:10:00+0100,1
#Ass,2014-09-10 11:10:00+0100,1
#thxSuperElja,2014-09-10 11:10:00+0100,1
#ComentÃ¡rio,2014-09-10 11:10:00+0100,1
"#0710\nì´ìœì´",2014-09-10 11:10:00+0100,1
#Ø­Ø¨,2014-09-10 11:10:00+0100,1
#99cent,2014-09-10 11:10:00+0100,1
#Bushnell,2014-09-10 11:10:00+0100,1
#university?,2014-09-10 11:10:00+0100,1
#telemarketingleads,2014-09-10 11:10:00+0100,1
#giveaway,2014-09-10 11:10:00+0100,1
"#0710\nê°œì—¬ì‹ ",2014-09-10 11:10:00+0100,1
#ÙˆØ±Ø¹Ø§Ù†,2014-09-10 11:10:00+0100,1
#OTDH,2014-09-10 11:10:00+0100,1
#Babe,2014-09-10 11:10:00+0100,1
#larcenciel,2014-09-10 11:10:00+0100,1
#yawn,2014-09-10 11:10:00+0100,1
#games,2014-09-10 11:10:00+0100,1
#DalalMedia,2014-09-10 11:10:00+0100,1
#Jobs,2014-09-10 11:10:00+0100,1
"#Ø§Ù„Ø§Ù…Ø§Ø±Ø§Øª\nâ€¦",2014-09-10 11:10:00+0100,2
#USAHeadlines,2014-09-10 11:10:00+0100,2
#NominateFifthHarmony,2014-09-10 11:10:00+0100,1
#NominateFifthHarmony\",2014-09-10 11:10:00+0100,1
"#immigration,",2014-09-10 11:10:00+0100,1
#AFL360,2014-09-10 11:10:00+0100,1
#sm24438106,2014-09-10 11:10:00+0100,1
#CharmingWednesday,2014-09-10 11:10:00+0100,1
#news,2014-09-10 11:10:00+0100,1
#ã±ã™ã½,2014-09-10 11:10:00+0100,1
#NominateLadyGaga,2014-09-10 11:10:00+0100,2
#leadgeneration,2014-09-10 11:10:00+0100,1
#Ø§Ù„Ø¬ÙˆÙ,2014-09-10 11:10:00+0100,1
#Ø§Ù„Ø¯Ù…Ø§Ù…,2014-09-10 11:10:00+0100,1
#Ø§ÙˆÙƒØ³Ø¬ÙŠÙ†,2014-09-10 11:10:00+0100,1
#twimaker,2014-09-10 11:10:00+0100,1
#cp05,2014-09-10 11:10:00+0100,1
"#video,#butt,#xxx,#free,#sex,",2014-09-10 11:10:00+0100,1
#FREE,2014-09-10 11:10:00+0100,1
#ÙƒÙ†Ø²_Ø§Ù„Ù…Ø³Ù„Ù…,2014-09-10 11:10:00+0100,3
#AlamNa,2014-09-10 11:10:00+0100,1
#CreditScore,2014-09-10 11:10:00+0100,1
"#Ø§Ù„Ù…Ø¹ØªÙ‚Ù„ÙŠÙ†\nØ§Ù†Ø¸Ø±ÙˆÙ‡Ù…",2014-09-10 11:10:00+0100,1
"#androidgames,",2014-09-10 11:10:00+0100,4
#MTVEMA,2014-09-10 11:10:00+0100,4
#TearRubber_by_YQ\",2014-09-10 11:10:00+0100,1
#indyref,2014-09-10 11:10:00+0100,1
#Ø§Ù„Ù‚ÙØ§Ø±ÙŠ,2014-09-10 11:10:00+0100,1
#Ø±Ø§ÙŠÙ_Ø§Ù„Ø¹ØªÙŠØ¨ÙŠ_Ø§Ù„Ù…Ø¨ØªØ¹Ø«ÙŠÙ†_Ø§Ù…Ø§Ù†Ù‡,2014-09-10 11:10:00+0100,1
#TerongTerongan,2014-09-10 11:10:00+0100,1
#SLIE,2014-09-10 11:10:00+0100,1
#å¤å…¸SFå°èª¬ã®ã‚¿ã‚¤ãƒˆãƒ«ã‚’ä¸€éƒ¨çŒ«ã«ã™ã‚‹ã¨æ ¼å¥½è‰¯ã„,2014-09-10 11:10:00+0100,1
#TakeAway,2014-09-10 11:10:00+0100,1
#Ø¬Ø¯Ø©,2014-09-10 11:10:00+0100,1
#pranzo,2014-09-10 11:10:00+0100,1
#TopNaijaMusic,2014-09-10 11:10:00+0100,1
#LEER255,2014-09-10 11:10:00+0100,1
#Freebie,2014-09-10 11:10:00+0100,1
#adult,2014-09-10 11:10:00+0100,1
#ieul,2014-09-10 11:10:00+0100,1
#paranormal,2014-09-10 11:10:00+0100,1
#psychic,2014-09-10 11:10:00+0100,1
#osamuraisan,2014-09-10 11:10:00+0100,1
#romeo_juliet,2014-09-10 11:10:00+0100,1
#SH,2014-09-10 11:10:00+0100,1
#colour,2014-09-10 11:10:00+0100,1
#Ø§Ù„Ø±ÙŠØ§Ø¶,2014-09-10 11:10:00+0100,2
#RT,2014-09-10 11:10:00+0100,1
#IlhamSukarta,2014-09-10 11:10:00+0100,1
#ìë™,2014-09-10 11:10:00+0100,1
#â€¦,2014-09-10 11:10:00+0100,1
#Follow2BeFollowed,2014-09-10 11:10:00+0100,1
#Ñ„Ğ¾Ğ»Ğ»Ğ¾Ğ²Ğ¸Ğ½Ğ³,2014-09-10 11:10:00+0100,1
#Mercury,2014-09-10 11:10:00+0100,1
#Ğ¯ĞœĞµÑ‡Ñ‚Ğ°ÑĞŸÑƒÑ‚ĞµÑˆĞµÑÑ‚Ğ²Ğ¾Ğ²Ğ°Ñ‚ÑŒ,2014-09-10 11:10:00+0100,1
#yosoydelasque,2014-09-10 11:10:00+0100,1
#RoadToFinalFour,2014-09-10 11:10:00+0100,1
"#Ø¯Ø¹ÙˆØ§ØªÙƒÙ…_Ù„Ø£Ø´ÙˆØ§Ù‚_Ø§Ù„Ù‡Ù„Ø§Ù„ÙŠØ©_ØªÙ‚ÙˆÙ…_Ø¨Ø§Ù„Ø³Ù„Ø§Ù…Ø©\nØ§Ù„Ù„Ù‡Ù…",2014-09-10 11:10:00+0100,1
#tweakers,2014-09-10 11:10:00+0100,1
#FASHIONSROCKS,2014-09-10 11:10:00+0100,1
#muscle,2014-09-10 11:10:00+0100,2
#Book,2014-09-10 11:10:00+0100,1
#JunckerTeamEU,2014-09-10 11:10:00+0100,1
#MGWV,2014-09-10 11:10:00+0100,1
#CreditReport,2014-09-10 11:10:00+0100,1
#Ø§Ù„ÙƒÙˆÙŠØª,2014-09-10 11:10:00+0100,3
#AlphaSaphire,2014-09-10 11:10:00+0100,1
"#Follow_The_Best\n@PornoBrazil",2014-09-10 11:10:00+0100,1
#Writer,2014-09-10 11:10:00+0100,1
#SharePictChibi,2014-09-10 11:10:00+0100,1
"#0710\nì§€ìˆ˜ë¯¼",2014-09-10 11:10:00+0100,1
#iCloud,2014-09-10 11:10:00+0100,1
#Philippines,2014-09-10 11:10:00+0100,1
#ã·ã‚ˆã‚¯ã‚¨,2014-09-10 11:10:00+0100,1
#Hot,2014-09-10 11:10:00+0100,1
#OmegaRuby,2014-09-10 11:10:00+0100,1
#Ğ·Ğ´Ğ°Ğ½Ğ¸Ñ,2014-09-10 11:10:00+0100,1
#HUTPMI,2014-09-10 11:10:00+0100,1
#WIN,2014-09-10 11:10:00+0100,1
#TDD,2014-09-10 11:10:00+0100,1
#ForumBeasiswa,2014-09-10 11:10:00+0100,1
#drink,2014-09-10 11:10:00+0100,1
#pink,2014-09-10 11:10:00+0100,1
#Ø§Ù†Ù‡ÙŠØ§Ø±,2014-09-10 11:10:00+0100,1
#Libya,2014-09-10 11:10:00+0100,2
#ã‚ã‚Œï¼Ÿ((,2014-09-10 11:10:00+0100,1
#porngifs,2014-09-10 11:10:00+0100,1
#Thriller,2014-09-10 11:10:00+0100,1
#instâ€¦,2014-09-10 11:10:00+0100,1
#MG,2014-09-10 11:10:00+0100,1
#MazeRunner,2014-09-10 11:10:00+0100,1
#tetas,2014-09-10 11:10:00+0100,1
#Celebrity,2014-09-10 11:10:00+0100,1
#porngif6,2014-09-10 11:10:00+0100,1
#art,2014-09-10 11:10:00+0100,1
#ContestAlert,2014-09-10 11:10:00+0100,1
#ØªÙˆÙŠØ¨Ø±,2014-09-10 11:10:00+0100,2
#FOLLOW,2014-09-10 11:10:00+0100,1
#EXOPlanetinBKK,2014-09-10 11:10:00+0100,1
#etsybot2,2014-09-10 11:10:00+0100,1
#astronomy,2014-09-10 11:10:00+0100,1
#Ø®Ø·Ø§Ø¨Ø©_Ø§Ù„Ø±ÙŠØ§Ø¶,2014-09-10 11:10:00+0100,1
#Ø§Ù„Ø§Ø­Ø³Ø§Ø¡,2014-09-10 11:10:00+0100,1
#meetsapp,2014-09-10 11:10:00+0100,1
#Momentaufnahme,2014-09-10 11:10:00+0100,1
#appointmentsetting,2014-09-10 11:10:00+0100,1
#à¸ªà¸´à¹‰à¸™à¸«à¸§à¸±à¸‡à¹à¸¥à¹‰à¸§,2014-09-10 11:10:00+0100,1
#Hockeyfest,2014-09-10 11:10:00+0100,1
#MonsterMMORPG,2014-09-10 11:10:00+0100,1
#Ø§Ù„Ø¯Ù†ÙŠØ§,2014-09-10 11:10:00+0100,1
"#ipadgames,",2014-09-10 11:10:00+0100,5
#final,2014-09-10 11:10:00+0100,1
#Retweet,2014-09-10 11:10:00+0100,1
#Ñ€Ğ¾ÑĞ¿Ğ¸ÑÑŒ,2014-09-10 11:10:00+0100,1
#Ø§Ù„Ù„Ù‡_ÙŠÙ„Ø·Ù_Ø¨Ø¥Ø®ÙˆØªÙ†Ø§_ÙÙŠ_ØºØ²Ø©,2014-09-10 11:10:00+0100,1
#PLO,2014-09-10 11:10:00+0100,1
#woman,2014-09-10 11:10:00+0100,1
#netneutrality,2014-09-10 11:10:00+0100,1
"#ipad,",2014-09-10 11:10:00+0100,5
#B,2014-09-10 11:10:00+0100,1
#RemajaIndonesia,2014-09-10 11:10:00+0100,1
#XXX,2014-09-10 11:10:00+0100,1
#CoroCoro,2014-09-10 11:10:00+0100,1
#BD.â˜º,2014-09-10 11:10:00+0100,1
"#android,",2014-09-10 11:10:00+0100,4
#ru_ff,2014-09-10 11:10:00+0100,1
#TiedUpThursday,2014-09-10 11:10:00+0100,1
#sexy,2014-09-10 11:10:00+0100,1
#SouDoTempo,2014-09-10 11:10:00+0100,1
#CaneNation,2014-09-10 11:10:00+0100,1
#CherrybelleRebornSolo,2014-09-10 11:10:00+0100,1
#psychics,2014-09-10 11:10:00+0100,1
#ØªØ·Ø¨ÙŠÙ‚_ØªØ§Ù…Ù„Ø§Øª_Ø§ÙŠÙ…Ø§Ù†ÙŠØ©,2014-09-10 11:10:00+0100,1
#gameinsight,2014-09-10 11:10:00+0100,8
#Porn,2014-09-10 11:10:00+0100,1
#Mystery,2014-09-10 11:10:00+0100,1
#supportingirishmusic,2014-09-10 11:10:00+0100,1
#å…±æ„Ÿã—ãŸã‚‰RT,2014-09-10 11:10:00+0100,1
#Ù†ÙƒÙˆÙ†_Ø³Ø¹Ø¯Ø§Ø¡_Ø§Ø°Ø§âœ”â,2014-09-10 11:10:00+0100,3
#Ù†ÙŠÙƒ,2014-09-10 11:10:00+0100,1
#667,2014-09-10 11:10:00+0100,1
#ã†ã©ã‚“,2014-09-10 11:10:00+0100,1
#JawaraXeniaMelewatiTikungan,2014-09-10 11:10:00+0100,1
#Win,2014-09-10 11:10:00+0100,1
#Ù…ÙƒØ©,2014-09-10 11:10:00+0100,1
#eBookDeals,2014-09-10 11:10:00+0100,1
